urls,genre
http://www.tools.ietf.org/html/draft-leach-cifs-rap-spe
http://www.unhcr.org/refworld/docid/453786aac.htm
https://torrentfreak.com/utorrent-dominates-bittorrent-client-market-share-090624
https://www.asus.com/Motherboard-Accessories/USB-31-UPD-PANEL
http://www.worldcat.org/oclc/919892
https://aws.amazon.com/blogs/aws/elastic-network-adapter-high-performance-network-interface-for-amazon-ec2
https://chrome.google.com/webstore/category/extensions?_sort=
https://cloud.ca
https://cybersecuritybase.github.io
https://noscript.net/ab
https://www.eff.org/deeplinks/2011/10/disastrous-ip-legislation-back-%E2%80%93-and-it%E2%80%99s-worse-eve
https://www.mozilla.org/en-US/firefox/35.0a2/auroranotes
http://bigstory.ap.org/article/e03679d18fac45dbb62fd67b16fd58b1/mirai-malware-simplifies-internet-attacks-last-week
http://dockets.justia.com/docket/court-txedce/case_no-4:2010cv00025/case_id-120615
http://adsabs.harvard.edu/abs/1992PNAS...89.5063
https://www.ft.com/content/a63b2de8-992c-11e6-8f9b-70e3cabccfae?ftcamp=published_links/rss/home_middleeast/feed//produc
https://www.novell.com/documentation/zenworks113/zen11_quickstart/data/booezfv.html
http://adsabs.harvard.edu/abs/1987PASP...99..606
http://electronics.stackexchange.com/questions/18552/why-was-mini-usb-deprecated-in-favor-of-micro-us
http://ftvdb.bfi.org.uk/sift/series/13794
http://macsecurity.net/view/70
http://motherjones.com/politics/2011/03/japan-nuclear-regulatory-commissio
http://nvd.nist.gov
http://phish.net/discography/the-white-tap
http://securityaffairs.co/wordpress/52666/hacking/gsm-crypto-hacking.html?utm_source=Secuirty+Affairs&utm_medium=twitte
https://www.congress.gov/bill/107th-congress/house-bill/3844
http://tools.ietf.org/html/rfc486
http://www.bluez.org
http://www.everythingusb.com/superspeed-usb.html#6
http://unicorn.mcmaster.ca/beamlines/grass.html
http://www.nato.int/cps/en/natolive/who_is_who_62218.htm
http://www.danap.org/emergency/des_hotline.php
http://arstechnica.com/news.ars/post/20070329-olpc-xo-manufacturer-to-sell-budget-portables-in-developed-countries.html
http://seclists.org/nanog/2013/Jan/690
http://www.crn.com/news/networking/163101040/juniper-ceo-urges-end-to-status-quo.htm
http://www.globalsecurity.org/wmd/library/news/dprk/2010/dprk-101007-voa01.htm
http://www.cmswire.com/cms/information-management/romettys-first-ibm-acquisition-cloud-testing-provider-green-hat-014012.php
http://www.factcheck.org/2008/03/federal-reserve-bank-ownership
http://www.yementimes.com/en/1550/opinion/488/Why-most-Yemenis-should-despise--ex-president-Ali-Abdullah-Saleh.htm
http://abclocal.go.com/ktrk/story?section=news/local&id=7848683
http://www.rmca.org/Resources/mousefaq.htm
http://www.mozilla.org/en-US/firefox/16.0.2/system-requirements/
http://www.milliondollarhomepage.com/
http://www.reuters.com/article/2011/04/01/hackers-idUSN0116927520110401
https://netzpolitik.org/2014/gamma-finfisher-hacked-40-gb-of-internal-documents-and-source-code-of-government-malware-published/
http://abclocal.go.com/wls/story?section=nation_world&id=5017688
http://www.juniper.net/us/en/company/press-center/press-releases/2001/pr-011112.html
http://www.lies.com/wp/2003/02/21/are-you-readygov/
http://www.ebizq.net/blogs/saasweek/2008/03/distinguishing_cloud_computing/
http://finance.yahoo.com/blogs/daily-ticker/former-cbo-director-time-eliminate-debt-ceiling-152422834.html
http://www.opera.com/download/languagefiles/
http://linkis.com/www.youtube.com/RDaxl
http://library.gnome.org/misc/release-notes/2.12/
http://whc.unesco.org/en/statesparties/KP/
https://www.lap-publishing.com/catalog/details//store/gb/book/978-3-659-24863-4/interoperability-and-portability-among-open-clouds-using-fipa-agent
http://www.thehorse.com/articles/34929/horse-farm-disaster-preparedness
http://www.smh.com.au/it-pro/security-it/hackers-lock-up-thousands-of-australian-computers-demand-ransom-20140917-10hyyh.html
http://www.telegraph.co.uk/technology/microsoft/7011626/Germany-warns-against-using-Microsoft-Internet-Explorer.html
http://academic.research.microsoft.com/Author/342031
http://www.unmaskparasites.com/
http://eprint.iacr.org/2006/415
http://www.verizonenterprise.com/pcireport/2015/
http://www.worldcat.org/oclc/163149563
http://www.un.org/News/Press/docs/2011/sc10200.doc.htm
http://www.wired.com/threatlevel/2012/01/dns-sopa-provision/
https://itunes.apple.com/app/chrome-web-browser-by-google/id535886823
http://www.webroot.com/in/en/home/resources/tips/pc-security/security-what-is-anti-virus-software
https://hakin9.org/zepto-ransomware-is-here/
http://abcnews.go.com/blogs/politics/2013/12/california-republicans-defend-fake-obamacare-site/
http://cr.yp.to/ecdh/patents.html
http://aws.amazon.com/vpc/pricing/
https://gcc.gnu.org/gcc-4.8/changes.html
https://www.bluetooth.org/About/bluetooth_sig.htm
http://www8.hp.com/us/en/business-services/it-services.html?compURI=1079571#.U4Z1VqPn-Uk/
https://lwn.net/Articles/207559/
https://veracrypt.codeplex.com/wikipage?title=FAQ
http://bbfc.co.uk/releases/halloween-ii-2009-0
http://id.loc.gov/authorities/names/n79002506
http://pctools.com
http://fcit.usf.edu/network/chap3/chap3.htm
http://mail.gnome.org/archives/gnome-announce-list/2009-March/msg00091.html
http://www.eff.org/press/archives/2003/09/28
http://www.windowsecurity.com/articles/Microsoft_ISA_Server_Part_I__introduction_installation_configuration_Web_caching_and_Internet_access.html
http://adsabs.harvard.edu/abs/1888MNRAS..48..108B
http://pcidsscompliance.net/pci-dss-requirements/
http://theanarchistlibrary.org/authors/emma-goldman
http://www.law.cornell.edu/ucc
http://articles.washingtonpost.com/2011-03-25/world/35208327_1_libya-operation-charles-bouchard-nato
http://www.wsj.com/articles/h-p-to-sell-hp-tippingpoint-to-trend-micro-1445477243
http://venturebeat.com/2010/08/23/nimbula-funding/
http://www.tobii.com
http://www.amazon.com/dp/0345475682/
http://www.atimes.com/atimes/Korea/ID24Dg01.html
http://downloadvpn.org/
http://www.thecmuwebsite.com/article/riaa-site-goes-down-following-limewire-win/
http://meta.stackoverflow.com/questions/302884/10-000-000th-question-is-here
http://adsabs.harvard.edu/abs/1922ApJ....55..406O
http://tools.wmflabs.org/geohack/geohack.php?pagename=Nevada_Test_Site&params=37_07_N_116_03_W_type:landmark_region:US-NV
http://www.nzherald.co.nz/ict-news/news/article.cfm?c_id=55&objectid=118155
http://www.amazon.com/dp/0231108346/
http://www.icij.org/offshore/nominee-directors-linked-intelligence-military
http://www.fas.org/irp/world/china/mps/index.html
http://www.debian.org/doc/FAQ/ch-compat.en.html
http://www.londonexternal.ac.uk/about_us/history.shtml
http://www.recode.net/2016/10/24/13374964/mr-robot-sam-esmail-hackers-rami-malek-christian-slater-recode-podcast?utm_campaign=www.recode.net&utm_content=entry&utm_medium=social&utm_source=twitter
http://www.ifs.du.edu/ifs/frm_CountryProfile.aspx?Country=CA
http://www.pcmag.com/encyclopedia/term/38924/bridge-router
http://www.marketwatch.com/story/schapiro-to-step-down-from-sec-2012-11-26
http://www.un.org/esa/socdev/enable/comp210.htm#10.2
http://www.reduser.net/forum/showthread.php?59036-Resolution-of-35mm-film-and-70mm-IMAX-film
http://www.reuters.com/article/2015/08/10/us-southkorea-northkorea-mines-idUSKCN0QF07A20150810
http://www.springer.com/computer/security+and+cryptology/book/978-3-642-41487-9
http://www.eff.org/press/archives/2003/09/2
http://www.iso.org/iso/home/store/catalogue_tc/catalogue_detail.htm?csnumber=4440
http://www.msnbc.msn.com/id/9353365
http://www.mtv.com/movies/news/articles/1554005/20070306/story.jhtm
http://www.rxlist.com/sufenta-drug/overdosage-contraindications.htm
http://www.seattlepi.com/business/120677_iloo06.html
http://www.zdnet.com/charities-hope-ngo-domain-will-end-scams-1339335712/
http://www.spiegel.de/international/world/germany-is-a-both-a-partner-to-and-a-target-of-nsa-surveillance-a-916029.html
http://www.telecomasia.net/content/multi-faceted-security-imperative-ip-powered-video-businesses
https://loc.gov/pictures/item/nv0263
http://www.digitaljournal.com/article/260075
http://www.spamhaus.org/sbl/policy.html
http://aws.amazon.com/products/?nc2=h_l2_p
http://www.uspto.gov/web/offices/pac/mpep/s2701.html
http://www.cbc.ca/news/politics/story/2013/02/11/pol-rob-nicholson-criminal-code-changes.html
http://www.wisegeek.com/what-is-a-horizontal-application.htm
http://www.cookiecentral.com/faq/
http://www.lissongallery.com/exhibitions/margaret-benyon
http://adsabs.harvard.edu/abs/2002Natur.418..743G
http://www.cbo.gov/publication/43373
http://purl.umn.edu/107353
http://rsb.info.nih.gov/ij/disclaimer.html
http://saltstack.org/
http://xeushack.com/information-gathering/
http://stuff.mit.edu/afs/sipb/contrib/doc/specs/protocol/usb/UHCI11D.PDF
http://www.myfoxtwincities.com/myfox/pages/Home/Detail?contentId=2804836&version=3&locale=EN-US&layoutCode=TSTY&pageId=1.1.1
http://uscode.house.gov/view.xhtml?req=(title:5%20section:301%20edition:prelim)%20OR%20(granuleid:USC-prelim-title5-section301)&f=treesort&edition=prelim&num=0&jumpTo=true#miscellaneous-note
https://github.com/Bcfg2/bcfg2/blob/master/LICENSE
http://www.symantec.com/connect/blogs/international-takedown-wounds-gameover-zeus-cybercrime-network
http://www.batblue.com/cyber-criminals-increasingly-target-smes/
http://www.thewhir.com/web-hosting-news/hp-expands-converged-cloud-portfolio-with-new-services
http://cjpme.nationbuilder.com/fs_184
http://burning-glass.com/demand-for-cybersecurity-workers-outstripping-supply/
http://www.npr.org/sections/itsallpolitics/2013/01/16/169531180/even-post-sandy-hook-politics-suggest-prospects-dim-for-obamas-gun-plan
http://edition.cnn.com/2011/12/13/us/california-gene-simmons-anonymous/
http://www.enisa.europa.eu/act/rm/cr/risk-management-inventory/rm-ra-methods
http://www.tobem.com/cyberwar/attacks-on-wireless-lans-about-the-security-of-ieee-802-11-based-wireless-networks/
http://freebeacon.com/national-security/military-warns-chinese-computer-gear-poses-cyber-spy-threat/
http://www.infosecisland.com/blogview/20975-Transcript-Patriot-Hacker-th3j35t3r-Addresses-USM-Students.html
https://noscript.net/nsa
http://www.kde.org/announcements/announce-3.5.php
http://articles.latimes.com/2009/dec/29/opinion/la-oe-schoenfeld29-2009dec29
https://www.cisecurity.org/critical-controls/documents/CSC-MASTER-VER%206.0%20CIS%20Critical%20Security%20Controls%2010.15.2015.pdf#page=69
http://www.npr.org/templates/story/story.php?storyId=128574055
http://rawstory.com/news/2008/Richard_Clarke_Disconnect_electrical_grid_from_0408.html
http://arxiv.org/abs/astro-ph/0007169
http://www.interpol.int/notice/search/missing/2007-2340
https://www.techopedia.com/definition/30753/vpn-firewall
http://tethys.pnnl.gov/
http://www.novell.com/news/press/novell-agrees-to-be-acquired-by-attachmate-corporation/
http://www.amrelitech.com/amrelitech/DesktopDefault.aspx?tabindex=1&tabid=84
https://www.theguardian.com/technology/2016/oct/26/ddos-attack-dyn-mirai-botnet?CMP=share_btn_tw
http://www.scmp.com/tech/china-tech/article/2007752/cheetah-mobile-accelerate-move-content-after-news-republic
http://www.boston.com/business/technology/articles/2009/01/09/fund_loss_staggers_group_giving_laptops_to_poor_children/
http://en.minghui.org/eng/2001/feb/14/nmr021401_2.html
http://www.usatoday.com/tech/news/2003-05-14-iloo-hoax-retract_x.htm
http://in.reuters.com/article/worldNews/idINIndia-30475820071113?pageNumber=1
https://archive.mozilla.org/pub/firefox/releases/2.0.0.20/mac/
http://linkis.com/www.gizmodo.com.au/2/BozXP
http://www.jakoblell.com/blog/2013/08/13/quick-blind-tcp-connection-spoofing-with-syn-cookies/
http://www.dailystar.com.lb/News/Politics/Apr/24/Egypts-Brotherhood-backs-Hizbullah-in-spat-with-Cairo.ashx
https://github.com/fuel/fuel/blob/1.2/master/CHANGELOG.md
https://www.grahamcluley.com/2013/11/ethical-hackers-vulnerability-website/
https://tools.ietf.org/html/rfc5907
http://techappsmedia.org/mozilla-firefox-3-6-system-requirements-installing-desktop/
http://search.ancestry.com/search/db.aspx?dbid=3693
http://torrentfreak.com/acslaw-anti-piracy-law-firm-torn-apart-by-leaked-emails-100925/
http://www.itu.int/rec/T-REC-J.222.3
http://www.comodo.com/home/internet-security/antivirus-for-linux.php
http://training.fema.gov/
http://www.ssa.gov/history/orghist.html
https://www.gnu.org/licenses/gpl-3.0-standalone.html
http://www.eeggs.com/items/31136.html
https://tools.ietf.org/html/rfc7034
http://www.dougengelbart.org/firsts/dougs-1968-demo.html
http://www.clearwisdom.net/emh/articles/2001/2/9/4692.html
http://www.computerworld.com/s/article/9236273/Oracle_will_continue_to_bundle_crapware_with_Java
http://www.computerworld.com/s/article/9142007/IBM_s_newest_mainframe_is_all_Linux_
https://mozilla.org/firefox
http://www.howstuffworks.com/bluetooth.htm
http://www.msz.gov.pl/en/foreign_policy/international_organisations/united_nations/poland_and_the_un/
http://www.qualitytesting.info/group/cloudcomputing/forum/topics/platform-as-a-service-paas
http://www.who.int/substance_abuse/activities/treatment_opioid_dependence/en/
http://www.sfgate.com/cgi-bin/article.cgi?file=/chronicle/archive/1997/08/29/BU70920.DTL
https://www.rt.com/news/249621-yemen-resolution-unsc-houthis/
http://www.seibertron.com/toys/gallery.php?id=774&size=0&start=0
http://citeseerx.ist.psu.edu/viewdoc/summary?doi=10.1.1.117.5791
http://www.the-digital-reader.com/2012/12/01/the-olpc-xo-3-tablet-officially-joins-the-no-laptop-per-child-program/#.ULzzq4bfUcs
https://www.reddit.com/r/hacking/comments/59knp5/tutorial_guide_to_fuzzing_and_exploiting_buffer/?utm_source=ifttt
http://www.ssa.gov/oact/cola/cbb.html
https://archive.mozilla.org/pub/firefox/releases/3.6.28/mac/
http://aviation.about.com/od/Terrorism/f/Does-Heightened-Airport-Security-Make-Us-Safer.htm
http://eu.wiley.com/WileyCDA/WileyTitle/productCd-1118004396.html
http://www.symantec.com/security_response/writeup.jsp?docid=2004-112111-3912-99
https://www.av-test.org/en/award/2015/best-usability-intel-security/
http://www.thingiverse.com/
https://support.mozilla.org/en-US/kb/enable-drm
http://francoislascelles.sys-con.com/node/204424/
https://eff.org/https-everywhere/
https://www.4chan.org/news.php?all#2
http://www.bworldonline.com/content.php?title=LRT%20chief%20takes%20over%20MRT%20line&id=24398
http://business.inquirer.net/59447/marubeni-to-build-1b-philippine-rail-project
https://www.dhs.gov/topic/surge-capacity-force
http://countermeasures.trendmicro.eu/bredolab-dead-dying-or-dormant/
http://gcn.com/articles/2009/11/04/dod-approves-new-security-certification.aspx
http://usa.visa.com/merchants/risk_management/cisp_overview.html
http://keepthewebopen.com/
http://semiaccurate.com/2011/05/24/the-mac-os-x-virus-that-wasnt/
http://www.abc.net.au/news/2012-01-17/wiki-to-go-dark-in-piracy-protest/3778452
http://thehill.com/blogs/on-the-money/banking-financial-institutions/279929-sec-names-new-inspector-general
http://urgentcomm.com/mag/radio_oil_water/
http://twit.tv/SN
http://tharuni.org
http://www.computerworld.com/article/2490980/security0/russian-credential-theft-shows-why-the-password-is-dead.html
http://marketing.corporate.blinkx.com/docs/blinkx_plc_annual_report_FYE0310_FINAL.pdf#page=38
http://www.computerworld.com/article/3135774/security/researchers-blame-dyn-ddos-attack-on-script-kiddies-targeting-video-game-company.html#tk.rss_all
http://www.euractiv.com/section/digital/news/privacy-shield-forced-us-to-be-transparent-about-intelligence-agencies/
http://www.nola.com/politics/index.ssf/2016/08/11_years_after_katrina_fema_ha.html
http://www.usatoday.com/story/tech/2016/10/25/chinese-firm-issues-us-recall-after-massive-cyberattack/92712642/?utm_source=feedblitz&utm_medium=FeedBlitzRss&utm_campaign=usatoday-techtopstories
http://www.giveawayoftheday.com/element-anti-virus-2011/
http://www.iana.org/assignments/ipv4-address-space/ipv4-address-space.xhtml
http://www.nu.nl/internet/4340319/cybercriminelen-verkopen-toegang-enorm-internet-of-things-botnet.html?redirect=1&utm_medium=twitter
http://www.grc.com/nat/arp.htm
http://www.scmagazine.com/locky-ransomware-distributors-reduced-to-potty-talk/article/568211/
http://www.princetonpapers.com/cyber-security-involves-protecting-information-by-preventing/
http://www.bharian.com.my/node/166806
http://www.legislation.gov.uk/ukpga/2004/21/contents#sch2
http://www.independent.co.uk/life-style/health-and-families/health-news/nice-needle-exchanges-should-supply-safe-equipment-to-under18-steroid-users-9247087.html
http://www.itwire.com/your-it-news/home-it/8894-war-of-words-between-aid-organization-and-olpc-erupts
http://www.independent.co.uk/news/uk/crime/fbi-hunts-for-investigator-paid-163500000-by-mccanns-1825920.html
http://www.computerworld.com/article/3135285/security/ddos-attack-shows-dangers-of-iot-running-rampant.html#tk.rss_all
http://www.shsu.edu/~his_ncp/Korea.html
http://www.sec.gov/Archives/edgar/data/1054298/0000950149-99-001225.txt
http://www.dmzforum.org/
http://www.ready.gov/business/implementation/emergency
http://www.ivr-usability.com/olpc/olpc.html
http://www.toool.nl/Lockpicking
http://www.itu.int/rec/T-REC-X.200/en/
http://adsabs.harvard.edu/abs/1913LowOB...1b..56S
http://www.techrepublic.com/article/dyn-ddos-attack-5-takeaways-on-what-we-know-and-why-it-matters/?ftag=TREe01923b&bhid=30903649
http://www.techradar.com/news/networking/bluetooth-5-everything-you-need-to-know-1323060
http://www.reuters.com/article/us-autos-cyber-idUSKCN12O2JG?feedType=RSS&feedName=technologyNews&utm_source=feedburner&utm_medium=feed&utm_campaign=Feed%3A+reuters%2FtechnologyNews+%28Reuters+Technology+News%29
http://www.telegraph.co.uk/news/worldnews/asia/northkorea/7960218/North-Korea-develops-stealth-paint-to-camouflage-fighter-jets.html
http://www.worldcat.org/issn/0013-0613
http://www.theregister.co.uk/2010/02/25/ms_waledac_takedown/
http://freebeacon.com/national-security/cyber-threat-dyn-cyber-attack-highlights-internet-things-hacking/
http://www.springerlink.com/content/6564211m773v70j1/
http://www.wired.com/threatlevel/2011/05/firefox-add-on-redirect
http://usatoday30.usatoday.com/news/world/iraq/2007-03-15-stryker-baqouba_N.htm
http://www.jus.uio.no/lm/eu.contract.principles.part1.1995/
http://wixsite.us14.list-manage.com/subscribe/post?u=abb94c702a3be00875098863e&id=7e52fe33cf
http://www.cisco.com/web/about/ac49/ac0/ac1/ac259/axiossfaq.html
http://www.ilicomm.com/ransomware-the-next-big-automotive-cybersecurity-threat/
http://ryussi.com/
http://www.finextra.com/news/fullstory.aspx?newsitemid=19280
http://gadgets.ndtv.com/internet/features/mirai-malware-simplifies-internet-attacks-like-last-weeks-1478811
http://www.worldcat.org/oclc/897789345
http://www.fiercetelecom.com/telecom/dyn-confirms-friday-ddos-attack-was-based-mirai-botnet?utm_source=twitterfeed&utm_medium=twitter
http://disaster.salvationarmyusa.org/
https://www.cnet.com/how-to/how-to-prepare-yourself-for-the-next-ddos-attack/?ftag=COS-05-10aaa0b&linkId=30294395
http://thebulletin.org/pentagon-pushes-billions-refurbish-nuclear-bombs
http://help.comodo.com/topic-72-1-451-4846-.html
http://phish.net/setlists/1985.html#1985-01-01
http://infomotions.com/musings/tricks/manuscript/1600-0001.html
http://www.independent.co.uk/voices/comment/after-the-atrocities-committed-against-muslims-in-bosnia-it-is-no-wonder-today-s-jihadis-have-set-9717384.html
http://www.npr.org/blogs/health/2014/03/17/289042381/doctors-use-3-d-printing-to-help-a-baby-breathe
http://www.bwea.com/media/news/goodneighbours.html
http://adsabs.harvard.edu/abs/1950Natur.166..901B
http://www.caro.org/articles/naming.html
http://www.ansible.com/tower
http://www.commtouch.com/download/1679
http://www.freedomhouse.org/blog/be-skeptical-official-story-tiananmen-car-crash
http://www.darkreading.com/vulnerability_management/security/antivirus/showArticle.jhtml?articleID=224700879
http://www.npr.org/2012/08/10/158525814/sunni-cleric-rises-to-challenge-hezbollah-in-lebanon
http://adsabs.harvard.edu/abs/1951MNRAS.111..357B
http://www.highbeam.com/doc/1P2-4573250.html
http://www.reuters.com/article/us-avast-ceo-idUSKCN0SN2MJ20151029
http://www.wfs.org/revsatinjf05.ht
http://www.w3.org/Security/Faq/wwwsf6.html
http://www.scoop.co.nz/stories/BU0903/S00072.htm
http://www.symantec.com/connect/articles/basic-journey-packet
http://www.iso.org/iso/iso_catalogue/catalogue_tc/catalogue_detail.htm?csnumber=42106
https://www.malwarebytes.com
https://aws.amazon.com/blogs/aws/elastic-network-adapter-high-performance-network-interface-for-amazon-ec2/
http://www.tools.ietf.org/html/draft-leach-cifs-rap-spec
https://cloud.ca/
https://www.mozilla.org/en-US/firefox/35.0a2/auroranotes/
http://www.jadaliyya.com/pages/index/4237/us-on-un-veto_disgusting-shameful-deplorable-a-tra
http://azureus.sourceforge.net/changelog.php
http://www.zombieorama.com
https://torrentfreak.com/utorrent-dominates-bittorrent-client-market-share-090624/
https://www.icann.org/news/announcement-2-2014-12-16-en
http://www.xssed.com
https://www.law.cornell.edu/uscode/text/10/113
http://www.computerhistory.org/internet_history/internet_history_70s.html
http://www.worldcat.org/oclc/16832704
http://adsabs.harvard.edu/abs/1987PASP...99..606L
http://downloads.comodo.com/cis/download/updates/release/inis_2001/release_notes.html
http://www.cs.tufts.edu/Graduate-Courses.html
http://edition.cnn.com/2011/WORLD/asiapcf/05/04/north.korea.amnesty/
http://adsabs.harvard.edu/abs/1992PNAS...89.5063R
http://www.londonexternal.ac.uk/about_us/history.shtm
http://www.nbc-2.com/story/33469083/home-security-system-could-put-you-at-risk-of-hacking?utm_content=buffer6f551&utm_medium=social&utm_source=twitter.com&utm_campaign=buffe
http://www.sfgate.com/business/article/Ad-supported-software-reaches-specialized-audience-3501806.php
http://www.us-cert.gov/ncas/alerts/TA14-017A
http://nvd.nist.gov/
http://www.worldcat.org/oclc/828190062
http://www.webwire.com/ViewPressRel.asp?aId=105336
http://www.wired.com/underwire/2011/06/bronies-my-little-ponys/
http://www.pakistanherald.com/profile/mushahid-hussain-syed-17
http://www.pcmag.com/encyclopedia/term/38924/bridge-route
http://www-01.ibm.com/software/support/lifecycleapp/PLCDetail.wss?q45=D704800I08089R72
http://www.acsac.org/2005/abstracts/89.html
http://www.phishing.org/scams/prevent-phishing/?cmpid=g7fp_twitter_80509
http://www.projectorcentral.com/lcd_dlp_update7.htm?page=Rainbow-Artifact
http://www.theregister.co.uk/2010/09/20/4chan_ddos_mpaa_riaa
https://www.nsa.gov/what-we-do/research/selinux/mailing-list.shtml
http://www.reduser.net/forum/showthread.php?59036-Resolution-of-35mm-film-and-70mm-IMAX-fil
http://www.statcan.gc.ca/subjects-sujets/labour-travail/lfs-epa/lfs-epa-eng.ht
https://secunia.com/advisories/product/52609/
http://ccrjustice.org/ourcases/current-cases/ccr-v.-bush
http://www.sun.com/smi/Press/sunflash/1996-01/sunflash.960123.10561.xm
http://www.symantec.com/security_response/writeup.jsp?docid=2006-080217-3524-9
http://www.securityfocus.com/news/97
https://lwn.net/Articles/508865/
http://www.theverge.com/2015/1/27/7925007/microsoft-project-spartan-browser-extension
http://www.upi.com/Security_Terrorism/Analysis/2007/04/12/analysis_owning_the_keys_to_the_internet
http://www.worldcat.org/issn/1099-182
http://6lab.cisco.com/stats/cible.php?country=world
http://www.zdnet.co.uk/news/security-management/2010/04/27/mcafee-to-compensate-businesses-for-buggy-update-40088779
https://www.orange.md/?l=1&c=1&sc=12&n=541
http://www.academia.edu/2548183/Mobile_Devices_and_the_Military_Useful_Tool_or_Significant_Threat
http://ir.cmcm.com/index.php?s=116
http://www.zdnet.com/blog/bott/users-report-microsoft-security-essentials-removes-google-chrome/400
https://loc.gov/pictures/item/nv0207
https://secunia.com/product/48391/
http://xeushack.com/information-gathering
https://www.adobe.com/support/security/
http://download.cnet.com/Agnitum-Outpost-Firewall-Pro/3000-10435_4-10076609.html
https://en.wiktionary.org/wiki/Special:Search/Human_right
http://burning-glass.com/demand-for-cybersecurity-workers-outstripping-supply
http://cb.vu/unixtoolbox.xhtml#vp
http://www.wsj.com/articles/sophos-plans-100-million-london-ipo-1433329925
http://articles.latimes.com/2008/jun/14/local/me-mayor1
http://adcvoice.com/u-s-calls-on-automakers-to-make-cyber-security-a-priority
http://adexchanger.com/platforms/ad-industry-responds-attack-dyn
http://laws-lois.justice.gc.ca/eng/acts/n-16.7/page-1.html
http://cloudwebhostingproviders.com/2016/10/24/largest-ddos-attack-ever-delivered-by-botnet-of-hijacked-iot-devices
http://edition.cnn.com/2011/12/13/us/california-gene-simmons-anonymous
http://searchvirtualdesktop.techtarget.com/definition/desktop-virtualization
http://freebeacon.com/national-security/military-warns-chinese-computer-gear-poses-cyber-spy-threat
http://www.allthingsdistributed.com/2009/08/amazon_virtual_private_cloud.html
https://www.truecaller.com/x/js#.WA_WaUXIHGc.twitter
http://georgewbush-whitehouse.archives.gov/news/releases/2004/01/print/20040120-7.html
http://freecode.com/projects/elinks
http://goliath.ecnext.com/coms2/gi_0199-2791231/Toilet-mixes-zeroes-with-ones.htm
http://nla.gov.au/anbd.aut-an3547663
http://hashcollision.org/whalesong
http://peoplespension.infoshop.org/blogs-mu/2010/03/12/ponzi-scheme
http://peter.sh/experiments/chromium-command-line-switches/#enable-websocket-over-spd
http://adsabs.harvard.edu/abs/2013JHEP...02..062A
http://screenrant.com/mouse-guard-movie-gary-whitta-matt-reeves
http://world.time.com/2012/05/16/how-many-innocent-civilians-did-nato-kill-in-libya
http://xsser.sf.net
http://adsabs.harvard.edu/abs/2008PhRvL.100v0502W
http://tethys.pnnl.gov
http://www.cio.com/article/3134053/an-iot-botnet-is-partly-behind-fridays-massive-ddos-attack.html?utm_content=buffer9a6ea&utm_medium=social&utm_source=twitter.com&utm_campaign=buffer#tk.rss_all
http://tmprotection.com/about/timeline
https://www.trustedcomputinggroup.org/specs/TPM/
http://www.tipsfor.us/2008/12/04/iantivirus-for-mac-free-worth-using
http://www.cloudwedge.com/4891-sophos-cloud-offerings-expand-w-acquisition-of-mojave/
http://citeseerx.ist.psu.edu/viewdoc/summary?doi=10.1.1.14.473
http://www.cnet.com/videos/like-tweet-buttons-divulge-sites-you-visit/
http://www.equalitytrust.org.uk/research/methods
http://www.exfo.com/library/technical-resources/application-notes-case-studies-white-papers/bu2-tcp-technology-testing-methodologies-white-paper
http://fedscoop.com/nstic-head-jeremy-grant-wants-kill-passwords
http://www.aemj.org
http://www.chileatiende.cl/fichas/ver/864
http://www.boston.com/business/technology/articles/2009/01/09/fund_loss_staggers_group_giving_laptops_to_poor_children
http://dash.harvard.edu/bitstream/handle/1/10981611/Meteorologically%20defined%20limits%20to%20reduction%20in%20the%20variability%20of%20outputs%20from%20a%20coupled%20wind%20farm%20system%20in%20the%20Central%20US_1.pdf?sequence=6
http://www.findbestopensource.com/tagged/vpn
http://www.statcan.gc.ca/pub/11-516-x/sectionv/4057758-eng.htm#V332_35
http://www.compsecglobal.com/list-free-ransomware-decryption-tools/?utm_source=SDTW&utm_medium=SDTW&utm_campaign=SDT
http://tekslate.com/tutorials/weblogic-tutorials-how-to/
http://www.un.org/ga/search/view_doc.asp?symbol=S/21048
http://www.infoplease.com/ipa/A0872842.html
http://www.informationweek.com/it-life/ntps-fate-hinges-on-father-time/d/d-id/1319432?cmp=em-prog-na-na-newsltr_20150313_control&imm_mid=0ce65e&page_number=2
http://www.zdnet.com/cisco-acquires-collaborate-com-eyes-mobile-7000024406/
http://www.billboard.com/artist/290634/bloc+party/chart
http://mail.gnome.org/archives/gnome-announce-list/2003-September/msg00062.html
http://adsabs.harvard.edu/abs/2001AJ....122..830M
http://openregs.com/agencies/view/10/department_of_homeland_security
http://tools.ietf.org/html/rfc7231#section-5.3.1
http://www.cisco.com/en/US/products/sw/secursw/ps2308/
http://www.nrc.gov/about-nrc/regulatory/allegations-resp.html
http://www.un.org/ga/search/view_doc.asp?symbol=ST/ADM/SER.B/932
http://www.pbs.org/frontlineworld/dispatches/lebanon.syria/seelye2.html
http://www.lsv.ens-cachan.fr/~ciobaca/kiss
http://www.pbs.org/wgbh/pages/frontline/social-issues/raising-adam-lanza/what-police-found-in-adam-lanzas-home/
http://www.pbs.org/wgbh/pages/frontline/shows/target/etc/cron.html
http://www.boston.com/business/technology/articles/2010/03/02/authorities_bust_3_in_infection_of_13m_computers/
http://www.reuters.com/article/us-avast-avg-tech-ceo-idUSKCN1201R2?type=companyNews
http://www.environment.nsw.gov.au/estuaries/stats/PortHacking.htm
http://www.globalsecurity.org/military/world/philippines/15-sw.htm
http://www.zdnet.com/google-faces-eu-competition-complaint-over-android-apps-7000030666/
http://www.theregister.co.uk/2013/03/14/us_malware_catalogue_hacked/
http://www.motherjones.com/politics/2013/07/hacker-jester-targets-assange-snowden-ecuador
http://kotaku.com/5795188/the-weird-and-wonderful-world-of-the-sega-genesis/?tag=mega-driv
https://www.novell.com/news/press/2011/4/novell-offers-industrys-longest-enterprise-linux-support-program-.html
http://www.zdnet.com/trend-micro-antivirus-industry-lied-for-20-years-3039440184/
https://www.mozilla.org/en-US/firefox/49.0.1/releasenotes/
http://www.stlouisco.com/police/opersupt.htm
http://www.springframework.org/schema/aop/spring-aop-3.0.xsd
http://adsabs.harvard.edu/abs/2015ApJ...804...79L
http://www.stlouisco.com/police/opersupt.html
https://www.today.ng/technology/203280/cyber-attack-mitigated-homeland-security
http://www.hp.com/hpinfo/globalcitizenship/environment/recycle/index.htm
http://www.rackspace.com/cloud/cloud_hosting_products/files
http://www.ranum.com/security/computer_security/editorials/dumb
http://www.sega-16.com/2006/08/interview-trip-hawkins
https://www.trustedcomputinggroup.org/membership/certification/tpm-certified-products/
http://compnetworking.about.com/cs/internetworking/g/bldef_bridge.htm
http://www.welivesecurity.com/2016/10/25/lifting-lid-sednit-closer-look-software-uses/
http://adsabs.harvard.edu/abs/2002Natur.418..743
http://www.us-cert.gov/ncas/alerts/TA13-088
http://www.voltairenet.org/article30194.htm
http://legal-dictionary.thefreedictionary.com/promise
http://www.thedomains.com/2011/02/14/org-grows-over-10-to-over-8-8-million-registrations
https://code.google.com/p/hasc-research/downloads/lis
https://cxsecurity.com/cveshow/CVE-2016-024
https://theintercept.com/2016/10/26/justice-department-releases-guidelines-on-controversial-anti-hacking-law
https://tools.ietf.org/html/draft-despres-softwire-sam-01#page-1
http://www.pakistani.org
http://www.welivesecurity.com/2016/10/25/lifting-lid-sednit-closer-look-software-uses
http://www.worldcat.org/issn/1063-952
http://www.zdnet.com/article/blame-the-internet-of-things-for-causing-massive-web-outage
http://www.zdnet.com/article/the-most-common-cyberattacks-country-by-country/#ftag=RSSbaffb68?utm_medium=twitter&utm_source=twitterfee
https://www.4chan.org/news/?all#2
http://www.zdnet.com/cryptolockers-crimewave-a-trail-of-millions-in-laundered-bitcoin-7000024579
https://brendaneich.com/2011/06/new-javascript-engine-module-owner
https://tools.ietf.org/html/draft-preston-ftpext-deflate-03.tx
https://www.eff.org/deeplinks/2012/01/how-pipa-and-sopa-violate-white-house-principles-supporting-free-speec
https://www.gartner.com/doc/2573318/hype-cycle-cloud-computing
https://www.cnet.com/how-to/how-to-prepare-yourself-for-the-next-ddos-attack/#ftag=CADf328ee
https://www.rt.com/news/249621-yemen-resolution-unsc-houthis
http://adsabs.harvard.edu/abs/2005ApJ...635..931
http://adsabs.harvard.edu/abs/2005Natur.437..898
http://www.britannica.com/eb/article-9070117/subwa
https://www.gnome.org/press/2000/05/gnome-1-2-bongo-gnome-unleashed
https://www.law.cornell.edu/uscode/text/42/90
https://www.os3.nl
https://www.pkware.com/software/pkzip/server/technical-spec
https://www.reddit.com/r/hacking/comments/59knp5/tutorial_guide_to_fuzzing_and_exploiting_buffer/?utm_source=iftt
http://www.bafu.admin.ch/abfall/01472/01478/?lang=e
http://kb.mozillazine.org/Network.IDN.blacklist_char
http://link.springer.com/chapter/10.1007%2F978-1-4614-5218-8_4#page-
http://pic.dhe.ibm.com/infocenter/wasinfo/v8r5/topic/com.ibm.websphere.installation.base.doc/ae/tins_installation_jdk7.htm
http://www.activexperts.com/asmssrvr/cellular/cdmaspectrum
http://www.cdt.org/blogs/david-sohn/2710house-copyright-bill-casts-dangerously-broad-ne
http://www.it-green.co.uk/uk_business_recycling/what-the-recast-weee-directive-means-for-the-uk
http://www.itwire.com/your-it-news/home-it/8894-war-of-words-between-aid-organization-and-olpc-erupt
http://www.old-computers.com/museum/computer.asp?c=47
http://www.princetonpapers.com/cyber-security-involves-protecting-information-by-preventing
http://www.cnn.com/2011/12/09/politics/tsa-badges
http://www.commondreams.org/newswire/2010/06/29-
http://www.csmonitor.com/2006/0728/p06s01-wome.htm
http://www.dslreports.com/faq/1415
http://www.printek.com
http://www.euractiv.com/section/digital/news/privacy-shield-forced-us-to-be-transparent-about-intelligence-agencies
http://adsabs.harvard.edu/abs/2006astro.ph..5239
http://www.heise.de
http://www.hoax-slayer.net/apple-your-order-has-been-placed-phishing-scam
http://www.independent.co.uk/life-style/health-and-families/health-news/nice-needle-exchanges-should-supply-safe-equipment-to-under18-steroid-users-9247087.htm
http://www.independent.co.uk/news/uk/crime/fbi-hunts-for-investigator-paid-163500000-by-mccanns-1825920.htm
http://www.londoninternational.ac.uk/canada
http://www.msnbc.msn.com/id/26646919
http://www.norton.com/nis1
http://www.recode.net/2016/10/24/13374964/mr-robot-sam-esmail-hackers-rami-malek-christian-slater-recode-podcast?utm_campaign=www.recode.net&utm_content=entry&utm_medium=social&utm_source=twitte
http://www.redherring.com/events/red-herring-asia/2011-red-herring-top-100-asia
http://www.reghardware.co.uk/2008/04/17/intel_laptop_desktop_crossover
http://www.techrepublic.com/article/dyn-ddos-attack-5-takeaways-on-what-we-know-and-why-it-matters/?ftag=TREe01923b&bhid=3090364
http://www.theregister.co.uk/2013/11/15/amazon_postgresql_rds_support
http://www.techadvisor.co.uk/features/printing/how-3d-printing-is-helping-doctors-mend-you-better
http://www.worldcat.org/issn/0013-061
http://www.worldipv6day.org
http://beopen.bplaced.net/2016/10/an-ufw-firewall-guide-to-enable-deny-allow-delete-rules-on-ubuntu/?utm_source=dlvr.it&utm_medium=twitte
http://flevy.com/blog/business-continuity-planning
http://www.webopedia.com/TERM/S/smishing_scams.htm
http://www.yalibnan.com/2013/02/26/hezbollah-fighters-dying-in-syria-will-go-to-hell-tufaili
http://www.zarafa.com
http://www.zdnet.com/blog/open-source/is-mono-dead-is-novell-dying/882
http://cloudreputation.com/emails-containing-malware-spikes-35-worldwide
http://it.slashdot.org/article.pl?sid=05/10/19/2340245&tid=172&tid=9
http://adsabs.harvard.edu/abs/2008PhRvL.100v0502
http://www.arcweb.com/pages/default.asp
http://www.av-test.org/en/news/news-single-view/self-protection-for-antivirus-software
http://www.cio.com.au/article/609035/chinese-firm-recalls-camera-products-linked-massive-ddos-attack/?utm_medium=rss&utm_source=taxonomyfeed&utm_source=twitterfeed&utm_medium=twitter&utm_campaign=Digital+Tech+News
http://www.mesh-networks.org
http://nla.gov.au/anbd.aut-an3539082
http://www.iso.org/iso/iso_catalogue/catalogue_tc/catalogue_detail.htm?csnumber=4210
http://www.jadaliyya.com/pages/index/4237/us-on-un-veto_disgusting-shameful-deplorable-a-tr
http://www.jakoblell.com/blog/2013/08/13/quick-blind-tcp-connection-spoofing-with-syn-cookies
http://www.novell.com/news/press/novell-agrees-to-be-acquired-by-attachmate-corporation
http://www.commtouch.com/download/167
http://www.crmvet.org
http://www.freemalaysiatoday.com/category/world/2016/10/25/cyber-attack-likely-mitigated-us-homeland-security-says/?utm_source=twitterfeed&utm_medium=twitte
http://adsabs.harvard.edu/abs/2010PhRvA..81d2319
http://www.ssa.gov/pressoffice/pr/PhishingScam-pr.ht
http://www.imdb.com/title/tt0123355
http://www.imsdb.com/scripts/Star-Wars-Return-of-the-Jedi.htm
http://www.itsecurityguru.org/2016/10/27/hackers-target-all-major-uk-banks-with-new-twitter-phishing-campaign
http://www.nextgov.com/health/2009/03/security-standards-potential-showstopper-for-health-network/43361
http://www.pcmag.com/article/348925/6-ways-to-train-your-employees-to-prevent-cyberattacks?utm_content=36204071&utm_medium=social&utm_source=twitte
http://www.tandfonline.com/doi/abs/10.1080/08850607.2016.1121039?journalCode=ujic20
http://www.techrepublic.com/pictures/the-antique-computers-that-just-wont-quit/?ftag=TREe09998f&bhid=2232104515896857977175132714691
http://www.telegram.com/article/20140626/COLUMN21/306269974/
http://www.webappsec.org/projects/wafec
http://www.webwire.com/ViewPressRel.asp?aId=10533
http://www.tfw2005.com/transformers-news/transformers-generations-classics-30-35/generations-red-alert-photo-gallery-170204
http://www.theregister.co.uk/2016/10/24/chinese_firm_recalls_webcams_over_mirai_botnet_infection_ddos_woes
https://my.notjustok.com/track/download/id/131213/by/ZOambn7lY
https://secunia.com
https://tools.ietf.org/html/rfc1448#page-2
https://tools.ietf.org/html/rfc5905#section-1
http://www.wired.com/underwire/2011/06/bronies-my-little-ponys
http://www-01.ibm.com/support/docview.wss?uid=swg27008728&cm_sp=MTE2447
http://www.bsi-global.com/en/Shop/Publication-Detail/?pid=00000000003014185
http://www.cio.com/article/3134053/an-iot-botnet-is-partly-behind-fridays-massive-ddos-attack.html?utm_content=buffer9a6ea&utm_medium=social&utm_source=twitter.com&utm_campaign=buffer#tk.rss_al
http://adsabs.harvard.edu/abs/2013JHEP...02..062
https://torrentfreak.com/vuze-speeds-up-torrent-downloads-through-swarm-merging-150320
https://treaties.un.org/pages/viewdetails.aspx?src=treaty&mtdsg_no=iv-4&chapter=4&lang=e
https://vivaldi.net/en-US/teamblog/151-vivaldi-1-4-is-released-with-more-control-schedule-restore-and-get-more-flexibilit
https://w1.fi/wpa_supplicant
http://adsabs.harvard.edu/abs/2012ApJ...751...74
http://connection.ebscohost.com/c/articles/17905953/enterprise-security-audit
http://howtodoinjava.com/spring/spring-aop/spring-aop-aspectj-example-tutorial-using-annotation-config
http://manilastandardtoday.com/2013/02/03/ph-is-hub-of-technology-giant
http://www.informationweek.com/it-life/ntps-fate-hinges-on-father-time/d/d-id/1319432?cmp=em-prog-na-na-newsltr_20150313_control&imm_mid=0ce65e&page_number=
http://www.computerworld.com/s/article/9226320/Amazon_lays_groundwork_for_AWS_Partner_Networ
http://www.danasiapacific.org
http://www.epa.gov/records/what/quest1.ht
http://www.haaretz.com/news/diplomacy-defense/lebanon-pm-un-must-probe-claims-of-israeli-complicity-in-hariri-murder-1.307587?localLinksEnabled=fals
http://www.howgoogleworks.net
http://www.ietf.org/rfc/rfc0791.txt?number=79
http://www.symantec.com/business/support/index?page=content&id=TECH9496
http://www.theregister.co.uk/2013/03/14/us_malware_catalogue_hacked
http://www.v3.co.uk/v3-uk/news/2298445/yahoo-to-pay-up-to-usd15-000-for-bug-finds-after-t-shirt-gate-scanda
http://www.webcitation.org/6CakbeAL
http://www.instructables.com/id/3D-Printed-Clock-and-Gears
http://www.itis.gov/servlet/SingleRpt/SingleRpt?search_topic=TSN&search_value=18036
http://www.mozilla.com/firefox/phishing-protection
http://adsabs.harvard.edu/abs/2014PhRvL.113b0501
http://www.nme.com/reviews/bloc-party/763
http://www.mouseguard.net/about
http://www.pandasecurity.com/homeusers/media/press-releases/viewnews?noticia=4974&entorno=&ver=&pagina=&producto
http://www.pbs.org/wgbh/pages/frontline/social-issues/raising-adam-lanza/what-police-found-in-adam-lanzas-home
http://www.process.co
http://www.proper.co
http://www.reuters.com/article/us-avast-avg-tech-ceo-idUSKCN1201R2?type=companyNew
http://www.zdnet.com/google-faces-eu-competition-complaint-over-android-apps-7000030666
http://www.zdnet.com/trend-micro-antivirus-industry-lied-for-20-years-3039440184
https://fas.org/faspir/2001/v54n1/weapons.ht
https://www.cnet.com/how-to/how-to-prepare-yourself-for-the-next-ddos-attack/#ftag=CAD5457c2c?utm_source=twitterfeed&utm_medium=twitte
http://www.londoninternational.ac.uk/usa
https://www.grahamcluley.com/2013/11/ethical-hackers-vulnerability-website
https://www.mozilla.org/en-US/firefox/49.0.1/releasenotes
https://www.novell.com/news/press/2011/4/novell-offers-industrys-longest-enterprise-linux-support-program-.htm
https://www.nsa.gov/public_info/declass/ukusa.shtm
https://www.reddit.com/r/roblox/comments/59m01s/when_it_was_just_starting_to_look_like_spam/?utm_source=iftt
https://www.theguardian.com/commentisfree/2016/jul/10/internet-of-things-better-made-things-smart-devices-security?CMP=share_btn_t
http://immedtech.tumblr.com/post/152301230667/the-mirai-botnets-internet-takedown-opens-up-a#_=
http://www.dailymail.co.uk/sciencetech/article-3859500/Widespread-internet-havoc-major-attack-takes-websites-offline-Spotify-Twitter-sites-suffer-outages.htm
http://www.iso.org/iso/home/store/catalogue_ics/catalogue_detail_ics.htm?csnumber=5674
http://www.meforum.org/533/the-threat-posed-by-hezbolla
https://www.theguardian.com/technology/2016/oct/26/ddos-attack-dyn-mirai-botnet?utm_source=twitterfeed&utm_medium=twitte
https://www.theguardian.com/technology/2016/oct/26/ddos-attack-dyn-mirai-botnet?utm_term=Autofeed&CMP=twt_a-technology_b-gdntec
https://www.today.ng/technology/203280/cyber-attack-mitigated-homeland-securit
https://www.trustedcomputinggroup.org/membership/certification/tpm-certified-products
http://burbon04.gmxhome.de/linux/ARPSpoofing.htm
http://legal-dictionary.thefreedictionary.com/promis
http://www.computer.org/portal/web/swebok/html/ch5#Ref2.
http://www.nextgov.com/cybersecurity/2016/03/faa-has-started-shaping-cybersecurity-regulations/126449
http://www.npr.org/blogs/health/2013/12/11/250023704/enrollment-jumps-at-healthcare-gov-though-totals-still-la
http://www.theregister.co.uk/2001/11/26/kevin_spacey_loses_pivotal_cybersquatting
http://www.nysscpa.org/cpajournal/2005/405/perspectives/p17.ht
http://www.uninformed.org/?v=2&a=4&t=tx
http://www.usatoday.com/tech/news/techpolicy/2007-10-05-download-verdict_N.ht
http://www.worldcat.org/issn/1556-506
https://secunia.com/advisories/product/54001
https://www.cnet.com/how-to/how-to-prepare-yourself-for-the-next-ddos-attack/?utm_source=feedburner&utm_medium=twitter&utm_campaign=Feed%3A+cnet%2FnXmt+%28CNET+How+To%29#ftag=CAD5457c2
http://www.pcadvisor.co.uk/how-to/windows/3411244/add-windows-7-desktop-gadgets-windows-8
http://www.securitysales.com/article/audio-verification-equals-more-apprehension
http://www.symantec.com/security_response/writeup.jsp?docid=2003-100111-0931-9
http://www.the-eps.org
http://www.thepragmaticauditor.com/?p=127
http://www.theregister.co.uk/2016/10/24/hacktivists_claim_dyn_ddos_responsibility?utm_content=bufferb2a13&utm_medium=social&utm_source=twitter.com&utm_campaign=buffe
http://www.theregister.co.uk/2016/10/26/adobe_patches_fresh_flash_zeroday/?utm_source=TheRegister-Security&utm_medium=twitte
http://www.thestar.com/comment/article/51970
http://www.zdnet.com/article/trend-micro-acquires-hps-tippingpoint-security-team-in-300-million-deal
https://bugzilla.mozilla.org/show_bug.cgi?id=236755#c7
https://discussions.apple.com/thread/6735082?start=1
https://growthhackers.com/articles/quora-how-should-i-easily-explain-to-non-startup-people-what-growth-hacking-is?utm_source=twitter&utm_medium=GrowthHackerSMB&utm_campaign=140
https://lwn.net/Articles/144681
https://torrentfreak.com/huge-security-flaw-leaks-vpn-users-real-ip-addresses-150130
https://www.academia.edu/2390447/Designing_a_Mobile_Game_to_Teach_Conceptual_Knowledge_of_Avoiding_Phishing_Attack
https://www.archlinux.org/packages/community/any/virt-manager
https://www.mysonicwall.com/sonicalert/searchresults.aspx?ev=article&id=97
https://www.neweurope.eu/article/blockchain-cyber-security-revolution
https://www.nycourts.gov
http://tools.wmflabs.org/geohack/geohack.php?pagename=2007_United_States_Air_Force_nuclear_weapons_incident&params=48.41814_N_101.34533_W_region:US-N
http://www.crockford.com/javascript/javascript.htm
https://www.cnet.com/news/internet-outage-ddos-attack-mirai-made-worse-friday-dyn/?utm_source=dlvr.it&utm_medium=twitter#ftag=CAD590a51
https://www.congress.gov/bill/107th-congress/house-bill/316
https://www.helpnetsecurity.com/2016/10/24/ipvanish-vpn-app-security-improvements/?utm_source=twitterfeed&utm_medium=twitter&utm_campaign=Feed%3A+HelpNetSecurity+%28Help+Net+Security%2
https://www.register.bg/user/app.pl?action_key=ac_sv_rules_bg_domain&step_key
http://www.bls.gov/ooh/computer-and-information-technology/software-developers.ht
http://money.cnn.com/2016/10/25/technology/internet-cyberattack-defense/index.html?utm_source=feedburner&utm_medium=feed&utm_campaign=Feed%3A+rss%2Fcnn_latest+%28RSS%3A+CNN+-+Most+Recent%2
http://www.academia.edu/583565/Optimizing_the_data_distribution_layer_of_boinc_with_bittorrent._Parallel_and_Distributed_Processing_2008._IPDPS_200
http://www.biomedcentral.com/1471-227X/11/1
http://www.codinghorror.com/blog/archives/001169.htm
http://www.computerworld.com/article/3134746/security/fridays-iot-based-ddos-attack-has-security-experts-worried.html#tk.rss_all?utm_source=twitterfeed&utm_medium=faceboo
http://www.darack.com/victorypoint
http://www.darkreading.com/insiderthreat/security/vulnerabilities/showArticle.jhtml?articleID=222300408&cid=nl_DR_DAILY_2010-01-12_
http://www.gutenberg.org/author/National+Security+Counci
http://www.lesbonscomptes.com/recoll/usermanual/index.html#RCL.INDEXIN
http://www.dailystar.com.lb/News/Politics/2013/Feb-25/207786-baalbek-figures-urge-hezbollah-to-stop-fighting-in-syria.ashx#axzz2LyiyWg9
http://www.dreadcentral.com/news/34203/directors-cut-rob-zombies-halloween-ready-g
http://www.e-laws.gov.on.ca/html/statutes/english/elaws_statutes_05p34_e.htm#BK5
http://apnews.excite.com/article/20140731/us-health-overhaul-de4c72c273.htm
http://www.jdjournal.com/2013/05/01/mozilla-fights-against-spyware-company-and-its-exploits
http://www.instructables.com/id/Raspberry-Pi-remote-webcam
http://www.mozillazine.org/talkback.html?article=439
http://www.redherring.com/red-herring-global/2011-red-herring-global-finalists
http://www.theage.com.au/technology/consumer-security/google-drops-ban-on-personally-identifiable-web-tracking-20161023-gs8ufs.htm
https://jujucharms.com/docs/1.25/about-juju#what-about-windows-or-other-linux-operating-systems
http://apps.facebook.com/nortonsafeweb/?ref=bookmark
http://www.niemanlab.org/2010/12/from-indymedia-to-wikileaks-what-a-decade-of-hacking-journalistic-culture-says-about-the-future-of-news/?utm_content=buffer8aabf&utm_medium=social&utm_source=twitter.com&utm_campaign=buffe
http://www.nme.com/news/bloc-party/2044
http://www.spamid.net/?spam=definition
http://www.stripes.com/news/cone-of-silence-surrounds-u-s-cyberwarfare-1.15809
http://www.theregister.co.uk/2010/12/02/avg_auto_immune_update
http://www.theregister.co.uk/2012/03/29/kelhios_bot_not_dead_yet
http://www.theregister.co.uk/Print/2013/04/23/mellanox_connectx_3_server_adapters
http://www.zdnet.com/article/dyn-confirms-mirai-botnet-involved-in-distributed-denial-of-service-attack/#ftag=RSSbaffb68?utm_medium=twitter&utm_source=twitterfee
http://www.zdnet.com/blog/government/xp-on-xo-negroponte-has-lost-his-bearings/382
http://www.zdnet.com/news/browser-wars-high-price-huge-rewards/128738?tag=search-results-rivers;item
http://www.zdnet.com/privacy-watchdog-clears-googles-street-view-3039454832
http://www-128.ibm.com/developerworks/library/l-embdev.htm
https://droidbox.co.uk/how-to/vpn-introduction
https://enterprise.comodo.com/security-solutions/endpoint-protection/endpoint-security-manager
https://www.4chan.org/news/?all#5
https://www.bluetooth.org/en-us/members/introduction-to-membershi
https://www.reddit.com/r/technology/comments/596hju/dhs_working_to_protect_emergency_call_centers/?utm_source=dlvr.it&utm_medium=twitte
https://www.rt.com/news/363811-zakharova-foreign-ministry-website
http://sourcetech411.com/2013/04/top-fpga-companies-for-2013
https://www.av-test.org/en/antivirus/home-windows/windows-7
https://www.helpnetsecurity.com/2016/10/24/iot-security-defending-young-industry-attack/?utm_source=dlvr.it&utm_medium=twitte
https://www.igt.hscic.gov.uk
https://www.linux.com/NEWS/21-OPEN-SOURCE-PROJECTS-IO
https://www.techdirt.com/articles/20161025/09581435884/daily-deal-vpn-unlimited-to-do-checklist-bundle.shtml?utm_source=twitterfeed&utm_medium=twitter&utm_campaign=Feed%3A+techdirt%2Ffeed+%28Techdirt%2
http://apps.washingtonpost.com/g/page/world/federal-judge-rules-nsa-program-is-likely-unconstitutional/668
http://iac.dtic.mil/iatac/mission.htm
http://linuxtv.org
http://thenextweb.com/insider/2012/09/20/sophos-antimalware-software-detects-malware-deletes-critical-binaries
http://website-archive.mozilla.org/www.mozilla.org/firefox_releasenotes/en-US/firefox/releases/1.5.html#FA
http://www.bleepingcomputer.com/virus-removal
http://www.defenseone.com/threats/2016/10/someone-weaponized-internet-things/132553
http://www.distrowatch.com/dwres.php?resource=interview-knoppi
http://www.eeherald.com/section/design-guide/ieee802_3.htm
http://www.ghacks.net/2008/01/02/firefox-live-chat-support
http://www.govinfosecurity.com/blogs.php?postID=1206&rf=2012-02-27-e
http://www.informit.com/articles/article.aspx?p=76637
http://www.infosecurity-magazine.com/news/dyn-statement-ddos-attack/#.WA8Xx-wTQKM.twitte
http://www.cio.com.au/article/609212/ddos-attack-against-overwhelmed-despite-mitigation-efforts/?utm_medium=rss&utm_source=taxonomyfee
http://www.ibm.com/cloud-computing/us/en/private-cloud.html#delive
http://www.pir.org/get/registrars?order=field_dnssec_value&sort=des
http://www.reuters.com/article/internetNews/idUSN0337985120080703?feedType=RSS&feedName=internetNew
http://www.rottentomatoes.com/m/h2_halloween_2
http://www.merriam-webster.com/dictionary/spa
http://www.npr.org/sections/parallels/2013/12/16/246606797/denmarks-fix-rooms-give-drug-users-a-safe-have
http://www.springerlink.com/content/dh15822826871378
http://www.stabilityjournal.org/article/view/sta.az/5
http://www.secpoint.com/Bakasoftware-Russian-Scareware-Named-and-Shamed-By-Hacker.htm
http://www.theverge.com/2016/10/26/13407402/ddos-attack-internet-of-things-security-problems-dns-mirai?utm_source=dlvr.it&utm_medium=twitte
http://www.thewhir.com/web-hosting-news/jelastic-integrates-java-and-php-cloud-platform-with-netbeans-id
http://www.tothenew.com/blog/introduction-to-aws-lambda
http://www.usatoday.com/story/opinion/2013/02/05/social-security-retirement-benefits-column/1891155
http://www.worldcat.org/issn/0167-739
http://www.worldcat.org/issn/1179-159
https://lwn.net/Articles/189544
https://packetpushers.net/virtual-toolbox/list-sd-wan-vendors
https://www.infosecisland.com/blogview/2805-More-Talks-with-Anti-Jihadi-Hacker-The-Jester.htm
http://global-info-society.org
https://play.google.com/store/apps/details?id=com.yandex.browser&hl=e
https://securelist.com/blog/research/71371/teslacrypt-2-0-disguised-as-cryptowall
https://www.bluetooth.org/en-us/bluetooth-brand/brand-enforcement-progra
https://www.cnet.com/how-to/how-to-prepare-yourself-for-the-next-ddos-attack/#ftag=COS-05-10aaa0
https://www.congress.gov/bill/107th-congress/house-bill/384
http://online.wsj.com/article/SB887844566548828000.html?mod=googlews
http://pir.org/index.php?db=content/News&tbl=Press&id=2
http://prdownloads.sourceforge.net/ocsinventory/OCS_Inventory_NG-Installation_and_Administration_Guide_1.9_EN.pdf.zip?downloa
http://ronwilliams.io/blog/post/rfc7231-compliant-http-date-header
http://www.bl.uk/magna-carta/articles/britains-unwritten-constitutio
http://torrentfreak.com/uk-government-uses-bittorrent-to-share-public-spending-data-100604
http://www.computerworld.com/article/3135434/security/ddos-attack-on-dyn-came-from-100000-infected-devices.html?utm_content=bufferd9f0d&utm_medium=social&utm_source=twitter.com&utm_campaign=buffer#jum
http://www.csmonitor.com/2004/1227/p01s03-cogn.htm
http://www.informationsecuritybuzz.com/articles/ddos-attack-dyn-recap-imperva
http://www.romhacking.net/dictionary/?page=dictionar
http://www.bluetooth.com/Pages/Press-Releases-Detail.aspx?ItemID=
http://www.cbronline.com/news/internet-of-things/smart-technology/securing-mind-hacking-virtual-worlds-vr-security-chimera/3
http://www.cio.com/article/3135034/security/workstation-software-flaw-exposes-industrial-control-systems-to-hacking.html#tk.rss_securit
http://www.computerworld.com/article/3135285/security/ddos-attack-shows-dangers-of-iot-running-rampant.html?utm_source=twitterfeed&utm_medium=twitter&utm_campaign=Feed%3A+computerworld%2Fs%2Ffeed%2Ftopic%2F17+%28Computerworld+Security+News%29#tk.rss_securit
http://www.google.co.uk/patents/US446270
http://www.groklaw.net/article.php?story=2008010321165357
http://www.guns.com/2013/05/23/3d-printers-meet-othermill-a-cnc-machine-for-your-home-office
http://www.ibtimes.co.uk/dyn-dns-ddos-attack-was-likely-work-script-kiddies-not-state-actors-flashpoint-says-158847
http://www.itpro.co.uk/638476/microsoft-suspects-ex-antivirus-worker-of-kelihos-botnet-creatio
http://www.infosecurity-magazine.com/view/21746/check-point-acquires-israels-dynasec-to-boost-grc-offerings
http://www.marketwired.com/press-release/tilera-launches-open-virtual-switch-solution-ovs-to-accelerate-nfv-and-sdn-1881746.ht
http://www.pir.org/about/histor
http://www.pir.org/get/registrar
http://www.questia.com/PM.qst?a=o&d=10053366
http://www.treasury.gov/ffb/press_releases/2013/09-2013.shtm
http://www.nbc-2.com/story/33469083/home-security-system-could-put-you-at-risk-of-hackin
http://www.prosecurityzone.com/News_Detail_Real_time_threat_detection_with_grc_dashboard_22752.asp#axzz3Kf9rX2V
http://www.prweb.com/releases/2014/12/prweb12407033.htm
http://www.stripes.com/news/us-can-trace-cyberattacks-mount-pre-emptive-strikes-panetta-says-1.19278
http://www.cs.cornell.edu/~bwong/cubit/index.htm
http://www.schneier.com/crypto-gram-9909.html#OpenSourceandSecurit
http://www.smh.com.au/digital-life/consumer-security/scammers-use-australia-post-to-mask-email-attacks-20141015-10ru0s.htm
http://www.squarefree.com/2004/07/01/race-conditions-in-security-dialogs
https://kc.mcafee.com/corporate/index?page=content&id=SB1004
https://www.ipswitch.com
http://www.gartner.com/it-glossary/cloud-access-security-brokers-casb
https://www.isc2.org/ethics/default.aspx?terms=code%20of%20ethic
http://pandalabs.pandasecurity.com/operationpayback-broadens-to-operation-avenge-assange
http://www.gao.gov/highrisk/protecting_the_federal_government_information_systems/why_did_stud
http://www.groklaw.net/article.php?story=2006122108100071
http://www.jrholocollection.com
http://www.knopper.net/knoppix-info/index-en.html#requirement
http://edition.cnn.com/2015/04/13/us/airport-luggage-theft
http://jobs.novell.com
http://rightweb.irc-online.org/profile/Jamestown_Foundatio
http://robertnyman.com/2009/05/28/getters-and-setters-with-javascript-code-samples-and-demos
http://tools.ietf.org/html/rfc409
http://windowsitpro.com/troy-hunts-security-sense/security-sense-web-held-together-sticky-tape?NL=TECH-003&Issue=TECH-003_20161026_TECH-003_793&sfvc4enews=42&cl=article_1&utm_rid=CPMIN000008336561&utm_campaign=79343&utm_medium=email&elq2=af635800ad3c42568089cc1c29855c1
http://www.apple.com/pr/library/2014/06/02Apple-Announces-OS-X-Yosemite.htm
http://www.cbronline.com/news/cybersecurity/protection/cyber-security-basics-how-to-recognise-phishing-attacks
http://www.mkpe.com/publications/d-cinema/misc/dc28_takes_off.ph
http://www.darkreading.com/attacks-breaches/nist-cybersecurity-framework-adoption-hampered-by-costs-survey-finds/d/d-id/132490
http://www.darkreading.com/document.asp?doc_id=154270&WT.svl=news1_
http://archive.is/T9ZD
http://www.howstuffworks.com/radio.ht
http://www.ibtimes.co.uk/armada-collective-impersonators-now-posing-lizard-squad-ddos-scam-155758
http://www.informationweek.com/software/operating-systems/ibms-linuxone-mainframe-whats-old-is-new-again/a/d-id/132178
http://www.pctools.com/guides
http://www.pctools.com/security-news/what-is-a-keylogger
http://www.pctools.com/spyware-doctor-antivirus
http://www.polygon.com/2014/12/1/7317975/xbox-live-offline-hacking-group-lizard-squa
http://www.learnquest.com/subcategories.aspx?categoryid=3
http://www.netmarketshare.com/browser-market-share.aspx?qprid=0&qpcustomd=
http://www.rackspace.com
http://www.railway-technology.com/projects/manila
http://www.redeszone.net/2016/10/25/malware-utiliza-los-credenciales-administrador-prestashop/?utm_content=buffer15931&utm_medium=social&utm_source=twitter.com&utm_campaign=buffe
http://www.reuters.com/article/us-autos-cyber-idUSKCN12O2JG?feedType=RSS&feedName=topNew
http://www.sixxs.net/tools/grh
http://www.tbs-sct.gc.ca/pol/doc-eng.aspx?id=28115&section=text#app
http://www.techrepublic.com/article/gnome-3-10-has-resurrected-what-was-once-the-darling-of-the-linux-desktop
http://www.thewindowsclub.com/list-ransomware-decryptor-tool
http://www.timesonline.co.uk/tol/life_and_style/article578081.ec
http://www.usbmadesimple.co.uk/ums_7.htm#pin
http://jama.ama-assn.org/content/251/2/230.shor
http://www.cdt.org/security/010913senatewiretap2.shtm
http://archive.oreilly.com/pub/a/oreilly//news/languageposter_0504.htm
http://www.usatoday.com/news/washington/2006-03-01-patriot-act_x.ht
http://www.wired.com/2014/06/microsoft-fpga
http://www.worldcat.org/oclc/24985083
http://www.zdnet.com/blog/security/obama-site-hacked-redirected-to-hillary-clinton/104
http://www.zdnet.com/microsoft-updates-its-free-remote-desktop-apps-for-ios-mac-android-7000027397
https://boingboing.net/2016/10/25/eff-asks-court-to-let-american.html&ct=ga&cd=CAIyGmQzOTU5NDVkNGY5MzZhYTI6Y29tOmVuOlVT&usg=AFQjCNHCkyrSF8lOIVZpOIkGzlw4VvaIhA&utm_medium=twitter&utm_term=computer+hacking&utm_content=computer+hacking+news&utm_source=twitterfee
http://boingboing.net/2016/10/25/eff-asks-court-to-let-american.html?utm_source=feedburner&utm_medium=feed&utm_campaign=Feed%3A+boingboing%2FiBag+%28Boing+Boing%2
http://cdt.org/blogs/cynthia-wong/1811us-piracy-law-could-threaten-human-right
http://cert.org/tech_tips/securing_browser/#Mozilla_Firefo
http://www.gsnmagazine.com/node/26227?c=cyber_securit
http://in.reuters.com/article/autos-cyber-isac-idINKCN12Q28Z?utm_campaign=trueAnthem:+Trending+Content&utm_content=58111a7e04d3011c39a0335b&utm_medium=trueAnthem&utm_source=twitte
http://rt.com/usa/anonymous-barrettbrown-sopa-megaupload-241
http://www.af.mil/news/story.asp?id=12307268
http://www.bcs.org/server.php?show=ConWebDoc.1796
http://www.bepress.com/jhsem
http://www.engadget.com/2013/07/21/nvidia-shield-ships-july-31st
http://www.extremetech.com/computing/187279-undetectable-indefensible-security-flaw-found-in-usb-its-time-to-get-your-ps2-keyboard-out-of-the-cupboar
http://www.hpcloud.com/products-services/application-paa
http://www.huntsmansecurity.com
http://www.ifs.du.edu/ifs/frm_CountryProfile.aspx?Country=C
http://www.informationweek.com/news/government/security/showArticle.jhtml?articleID=225701368&subSection=New
http://www.net-security.org/secworld.php?id=562
http://www.npr.org/sections/itsallpolitics/2013/01/16/169531180/even-post-sandy-hook-politics-suggest-prospects-dim-for-obamas-gun-pla
http://www.powershow.com/view1/1f004e-NzY0N/The_use_of_Optical_Character_Recognition_OCR_software_in_spam_filtering_powerpoint_ppt_presentatio
http://www.symantec.com/security_response/writeup.jsp?docid=2010-011016-3514-9
http://www.technologyreview.com/news/534516/holding-data-hostage-the-perfect-internet-crime
http://www.sega-16.com/2015/11/interview-stefano-arnhold-tectoy
http://www.softether.org
http://www.the-digital-reader.com/2012/12/01/the-olpc-xo-3-tablet-officially-joins-the-no-laptop-per-child-program/#.ULzzq4bfUc
http://www.theinquirer.net/inquirer/news/2166228/600-infected-macs-botne
http://www.theverge.com/2013/12/4/5173686/usb-type-c-connector-specification-announce
http://www.topmedicalassistantschools.com/top-50-health-care-jobs
http://www.universityofcalicut.info/index.php?option=com_content&task=view&id=2212&Itemid=32
http://www.upi.com/Business_News/Energy-Resources/2012/10/01/EU-wind-power-capacity-reaches-100GW/UPI-52431349087400
http://www.usatoday.com/story/tech/2016/10/25/chinese-firm-issues-us-recall-after-massive-cyberattack/92712642/?utm_source=feedblitz&utm_medium=FeedBlitzRss&utm_campaign=usatoday-techtopstorie
http://www.veracode.com/blog/2010/05/html5-security-in-a-nutshell
http://digitalcommons.law.ggu.edu/annlsurvey/vol15/iss1/2
http://niatec.info/GetFile.aspx?pid=56
http://rt.com/shows/documentary/203135-north-korea-kim-jongun
http://thehackersconference.com/speakers-2013.htm
http://tools.ietf.org/html/rfc2460#section-8.
http://www.securitycouncilreport.org
http://venturesafrica.com/why-cyber-crime-the-biggest-terror-threat-to-nigeria-is-on-the-rise/?utm_source=twitterfeed&utm_medium=twitter&utm_campaign=Feed%3A+ventures-africa%2FkCzk+%28Ventures+Africa%2
http://www.csmonitor.com/USA/Foreign-Policy/2010/0721/Washington-Post-series-How-many-security-secrets-did-it-spill?sms_ss=emai
http://www.dailystar.com.lb/News/Middle-East/2012/Jul-18/181033-palestinians-join-syria-revolt-activists-fsa.ashx#axzz2Aniktc0
http://archive.rubicon-foundation.org/906
http://www.nautilus.org/fora/security/0434A_ReligionI.htm
http://www.arnnet.com.au/article/588667/trend-micro-vce-expand-strategic-alliance
http://www.cioreview.com/news/trend-micro-deep-security-earns-vce-validation-nid-6976-cid-21.htm
http://www.circleid.com/posts/20111208_online_property_protection_and_the_public_interest
http://www.edrm.net/projects/igr
http://www.webbyawards.co
http://www.eset.co.uk/Compan
http://www.g4tv.com/thefeed/blog/post/707034/Harmonix-Responds-To-Rock-Band-3-Set-List-Leaks-By-Revealing-Entire-Set-List.htm
http://www.hpc.fsu.edu/index.php?option=com_wrapper&view=wrapper&Itemid=8
http://www.ibtimes.co.uk/mirai-botnet-hackers-unleash-cyber-turf-war-enslave-chinese-firms-surveillance-cameras-1587893?utm_source=social&utm_medium=twitter&utm_campaign=/mirai-botnet-hackers-unleash-cyber-turf-war-enslave-chinese-firms-surveillance-cameras-158789
http://www.londoninternational.ac.uk/mly
http://www.evolllution.com/media_resources/cybersecurity-access-control
http://www.finextra.com/news/fullstory.aspx?newsitemid=1928
http://www.gnome.org/about
http://www.sophos.com/pressoffice/news/articles/2004/08/sa_dirtydozenaug04.htm
http://www.usatoday.com/story/opinion/2013/01/27/john-barylick-on-lessons-of-brazil-nightclub-fire/1868455
http://www.networkcomputing.com/virtualization/altor-strengthens-junipers-virtualization-security.ph
http://www.oecd.org/canada
http://www.rollingstone.com/politics/news/is-the-sec-covering-up-wall-street-crimes-20110817?page=
http://www.scmagazineuk.com/australia-prepares-for-week-of-protest-against-web-filters-after-the-anonymous-group-hit-key-websites-last-week/article/163785
http://www.theregister.co.uk/2010/03/16/waledac_takedown_success
http://www.wired.com/threatlevel/2012/02/peter-sunde
http://www.zdnet.com/article/a-close-look-at-how-oracle-installs-deceptive-software-with-java-updates
http://www.zdnet.com/article/middle-eastern-hackers-are-using-this-phishing-technique-to-infect-political-targets-with-trojan
http://www.zdnet.com/article/twitter-phishing-campaign-targets-customers-of-all-major-uk-banks
https://console.ng.bluemix.net
http://www.zdnet.com/blog/btl/ibm-acquires-green-hat-a-cloud-software-testing-outfit/6614
http://boeing.mediaroom.com/index.php?s=43&item=251
http://nymag.com/daily/intelligencer/2012/03/white-supremacist-claims-to-have-hacked-trayvon-martins-email-social-media-accounts.htm
http://truth-out.org/news/item/27430-the-urbee-3d-printed-car-coast-to-coast-on-10-gallon
https://noscript.net/faq#qa8_1
http://archive.wired.com/science/discoveries/news/2001/02/41630?currentPage=al
http://www.computerworld.com/article/3135285/security/ddos-attack-shows-dangers-of-iot-running-rampant.html?utm_source=feedburner&utm_medium=twitter&utm_campaign=Feed%3A+computerworld%2Fnews%2Ffeed+%28Latest+from+Computerworld%29#tk.rss_al
http://www.hammersmithtoday.co.uk/default.asp?section=info&page=oldfirestation.ht
http://www.laserprinterhelp.net/article/AA-01906/17/Knowledgebase/Articles/The-Evolution-of-Color-Laser-Printers.htm
http://www.asharq-e.com/news.asp?id=1621
http://www.bna.com/sextortion-ransomware-invades-b57982079097
http://www.edweek.org/ew/articles/2015/10/21/lessons-learned-from-security-breaches.htm
http://www.everyhit.com
http://www.freedomhouse.org/report/freedom-press/2013/north-korea#.U8Q34ZSSyS
http://www.groklaw.net/article.php?story=2006052411220957
http://www.infosecurity-magazine.com/view/2951/mcafee-adds-mx-logic-to-its-global-threat-intelligence-portfolio
http://www.pir.org/news/dashboar
http://www.poorcity.richcity.org/calculator/?quantiles=82.
http://www.ruleworks.co.uk/Security
http://www.linuxsecurity.com/content/view/169612?rd
http://www.netregistry.com.au/domain-names/domain-privacy
http://www.net-security.org/malware_news.php?id=302
http://www.newyorkfed.org/research/current_issues/ci9-5/ci9-5.htm
http://www.nzherald.co.nz/technology/news/article.cfm?c_id=5&objectid=14182
http://www.sony.co.uk/pro/product/dcinemaproj/srx-r515/specifications#specification
http://www.stuff.co.nz/about-stuff/22245/Backgroun
http://www.universmartphone.com/fridays-iot-based-ddos-attack-has-security-experts-worrie
http://www12.statcan.ca/census-recensement/2006/dp-pd/hlt/97-562/pages/page.cfm?Lang=E&Geo=PR&Code=01&Data=Count&Table=2&StartRec=1&Sort=3&Display=All&CSDFilter=500
http://cleantechnica.com/2012/07/27/wind-turbine-net-capacity-factor-50-the-new-normal
http://www.worldcat.org/search?fq=x0:jrnl&q=n2:1535-358
http://www.worldscientific.com/worldscibooks/10.1142/969
https://tools.ietf.org/html/rfc762
https://www.airsassociation.org/services-new/airs-knowledge-network-n/airs-articles/item/16499-cybercrime-inc-how-hacking-gangs-are-modeling-themselves-on-big-business?utm_content=buffer98751&utm_medium=social&utm_source=twitter.com&utm_campaign=buffe
https://www.augiero.it/index.php/slide-nelloscuro-mondo-dei-malware
https://www.hotforsecurity.com/blog/for-rent-an-iot-botnet-to-take-down-much-of-the-internet-16994.html?utm_content=buffer257ba&utm_medium=social&utm_source=twitter.com&utm_campaign=buffe
https://www.malwaretech.com/2016/10/mapping-mirai-a-botnet-case-study.html?utm_content=bufferfc487&utm_medium=social&utm_source=twitter.com&utm_campaign=buffe
https://www.privatetunnel.com/index.php?referral=VEKK4J6H2
http://europa.eu/rapid/pressReleasesAction.do?reference=IP/10/1776&format=HTML&aged=0&language=EN&guiLanguage=e
http://tools.ietf.org/html/rfc82
http://gs.statcounter.com/?PHPSESSID=vvvdm6kq7usecbcto1nlhsmap7#desktop-os-MD-monthly-201601-201601-ba
http://internationalbudget.org/what-we-do/major-ibp-initiatives/open-budget-initiative
http://maki.org.il/en/?p=727
http://world.std.com/~reinhold/dicewarefaq.html#writeitdow
http://www.clonemykey.com/blog/smart-access-control-polices-for-residential-commercial-buildings
http://www.comodo.com/home/internet-security/security-software.ph
http://www.cs.fsu.edu/current/grad/cnsa_ms.ph
http://www.defenselink.mil/transcripts/transcript.aspx?transcriptid=406
http://www.emc.com/corporate/about-rsa/index.htm#!managemen
http://www.internetgovernance.org/2012/09/22/its-official-legacy-ipv4-address-block-holders-own-their-number-blocks
http://www.investopedia.com/terms/d/denial-service-attack-dos.asp?utm_campaign=rss_tod&utm_source=rss_www&utm_medium=referral&utm_source=twitterfeed&utm_medium=twitte
http://www.oracle.com/us/products/middleware/cloud-app-foundation/weblogic/overview/index.htm
http://www.pandasecurity.com/mediacenter/panda-security/best-protection/?utm_source=facebook.com&utm_medium=smedia&utm_content=SM_EN_FB_PNAVC_050815&utm_campaign=genericCampaig
http://www.rackspacecloudreview.com
http://www.rawstory.com/rs/2011/12/31/video-game-industry-still-supports-anti-piracy-bill-despite-reports
http://www.marketwire.com/press-release/fatpipe-included-in-gartner-magic-quadrant-for-wan-optimization-controllers-1790002.ht
http://www.matthewaid.com/post/56608069320/nsa-satellite-communications-sigint-station-i
http://www.reuters.com/article/us-autos-cyber-idUSKCN12O2JG?feedType=RSS&feedName=businessNews&utm_source=dlvr.it&utm_medium=twitte
http://www.ukceb.org
http://www.wired.com/2013/03/tsuru
https://support.norton.com
http://www.scmagazine.com/researchers-hijack-control-of-torpig-botnet/article/136207
http://www.scmagazine.com/zero-day-ddos-attack-vector-leverages-ldap-to-amplify-malicious-traffic/article/568225
http://www.thegeekstuff.com/2012/02/xss-attack-examples
http://www.therecorder.com/id=1202655762671/Law%20Students%20Get%20Schooled%20in%20Mass%20Surveillance?mcode=0&curindex=0&curpage=ALL&slreturn=2014062311222
http://www.w3.org/2006/rwc
http://www.xconomy.com/san-diego/2015/06/24/gofundme-gets-undisclosed-funding-led-by-accel-partners-tcv/
http://www.zdnet.com/blog/microsoft/microsoft-seeks-testers-for-limited-beta-of-next-gen-security-essentials/1124
http://www.zdnet.com/blog/security/windows-7-vista-exposed-to-teardrop-attack/422
http://www.zdnet.com/botnet-size-may-be-exaggerated-says-enisa-3040092062
https://tools.ietf.org/html/rfc326
http://yehudakatz.com/2011/08/12/understanding-prototypes-in-javascript
https://e27.co/mirai-botnet-infected-so-many-chinese-made-webcams-they-have-been-recalled-20161027/?utm_source=dlvr.it&utm_medium=twitte
https://firstlook.org/theintercept/article/2014/05/19/data-pirates-caribbean-nsa-recording-every-cell-phone-call-bahamas
https://www.comodo.com/endpoint-protection-sme
https://www.firefox.com
https://www.freesnowden.is/fr/2014/01/27/video-ard-interview-with-edward-snowden
http://aws.typepad.com/aws/2014/03/new-vpc-peering-for-the-amazon-virtual-private-cloud.html?utm_source=feedburner&utm_medium=feed&utm_campaign=Feed:+AmazonWebServicesBlog+(Amazon+Web+Services+Blog
http://cwe.mitre.org/news/archives/news2012.html#20120827
http://www.ft.com/intl/cms/s/0/2cfd21ee-9e8d-11e3-b429-00144feab7de.html#axzz3MfMPoC5
http://www.pandasoftware.com/about_panda/press_room
http://arstechnica.com/apple/2015/06/apple-to-ios-devs-ipv6-only-cell-service-is-coming-soon-get-your-apps-ready
http://kb.mozillazine.org/Network.http.spdy.enable
http://library.gnome.org/misc/release-notes/2.32
http://library.gnome.org/misc/release-notes/3.2
http://opendatacommons.org/licenses/pddl
http://www.cfoa.org.uk/cfoa_public
http://www.cio.com/article/684732/Mellanox_Demos_Souped_Up_Version_of_Infiniban
http://www.cyber.st.dhs.gov/faq.htm
http://www.howstuffworks.com/cookie.ht
http://www.ifrc.org/what/disasters/responding/drs/tools/eru.as
http://www.informationweek.com/cloud-computing/platform/hp-dell-create-clouds-for-the-rest-of-us/232800511?itc=edit_in_body_cros
http://www.pcadvisor.co.uk/news/index.cfm?newsid=704
http://www.reuters.com/article/us-autos-cyber-idUSKCN12O2JG?feedType=RSS&feedName=businessNews&utm_source=Twitter&utm_medium=Social&utm_campaign=Feed%3A+reuters%2FbusinessNews+%28Business+News%2
http://www.springerlink.com/content/dm6kgf2p4mnrp0uv
https://netzpolitik.org/2014/gamma-finfisher-hacked-40-gb-of-internal-documents-and-source-code-of-government-malware-published
http://phish.net/setlists/1983.html#1983-01-0
http://www.alternet.org/election04/20746
http://www.avantbrowser.com/download.asp
http://www.davidhill.co/2015/01/vmware-launches-pay-as-you-go-cloud
http://bootsindustries.com/portfolio-item/heat-bed-3d-printing
http://epic.org/privacy/dnssec
http://infoassurance.norwich.edu/609-2
http://knowledge.wharton.upenn.edu/article.cfm?articleid=210
http://linkis.com/www.youtube.com/RDax
http://www.pbs.org/wgbh/pages/frontline/business-economy-financial-crisis/untouchables/is-sec-fearful-of-wall-street-agency-insider-says-yes
http://www.pctools.com/privacy-guardian
http://www.publications.parliament.uk/pa/ld200708/ldjudgmt/jd080730/mckinn-1.ht
https://www.infosecisland.com/blogview/12745-Patriot-Hacker-The-Jesters-Libyan-Psyops-Campaign.htm
http://digiday.com/publishers/vocativ-uses-data-combat-publisher-sameless
http://www8.hp.com/us/en/business-services/it-services.html?compURI=1079571#.U4Z1VqPn-Uk
https://lwn.net/Articles/118268
https://lwn.net/Articles/553415
http://cto-security-checklist.sqreen.io
http://homeland.house.gov/press-release/bipartisan-legislation-introduced-reform-tsa-s-acquisition-proces
http://meta.stackoverflow.com/questions/296608/what-posts-get-deleted-and-wh
http://onlinelibrary.wiley.com/doi/10.1002/sat.1120/abstrac
http://realmoney.thestreet.com/articles/10/26/2016/cramer-demand-lifts-defense-aerospace-cyber-security-regional-bank-stocks&ct=ga&cd=CAIyGmEzOTNmNjkzZGE0NjU4NjQ6Y29tOmVuOlVT&usg=AFQjCNHpmYZGkPSVPnu0ygW3ByRFdCf5Bg&utm_source=twitterfeed&utm_medium=twitte
http://tools.ietf.org/html/rfc1752#appendix-
http://www.informationweek.com/news/showArticle.jhtml?articleID=2910103
http://tools.wmflabs.org/geohack/geohack.php?pagename=Ministry_of_People's_Security&params=39_4_49_N_125_46_3_E_type:landmark_region:K
http://www.2-remove-virus.com/police-or-fbi-virus-from-android-phon
http://www.benedelman.org/spyware/180-affiliates
http://www.commtouch.com/spam-cost-calculato
http://articles.timesofindia.indiatimes.com/2011-08-19/india-business/29905012_1_video-gaming-sega-playstatio
http://www.independent.co.uk/news/uk/crime/crimewatch-presenter-to-put-pressure-on-brooks-6256932.htm
http://www.psa.gov.ie/Website/psa/psa.nsf/agentvw?Openform&vw=psaFAQs
http://www.schneier.com/crypto-gram-9807.html#ski
http://www.schrode.net/opera/url_filtering
http://www.newyorker.com/reporting/2013/09/30/130930fa_fact_filkins?currentPage=al
http://www.phonearena.com/news/The-BlackBerry-Priv-features-a-Productivity-Edge-thanks-to-its-curved-display_id7510
http://www.randomhouse.com/book/233920/world-war-z-the-lost-files-by-max-brook
http://articles.timesofindia.indiatimes.com/2012-10-16/india/34498075_1_cyber-security-cyber-attacks-cyber-warfar
http://www.usatoday.com/story/theoval/2013/06/18/obama-charlie-rose-program-nsa-surveillance/2433549
http://www.recode.net/platform/amp/2016/10/24/13374964/mr-robot-sam-esmail-hackers-rami-malek-christian-slater-recode-podcast?utm_content=buffer68d92&utm_medium=social&utm_source=twitter.com&utm_campaign=buffe
http://www.spoofmyphone.com/?utm_content=buffer85afc&utm_medium=social&utm_source=twitter.com&utm_campaign=buffe
http://www.telegraph.co.uk/news/2016/05/14/venezuela-president-declares-emergency-citing-us-domestic-threat
http://www.theregister.co.uk/2016/04/15/south_korea_to_upgrade_national_stereo_system_at_cost_of_us16m
http://www.thestar.com/news/canada/article/61032
http://www.scmagazine.com/locky-ransomware-distributors-reduced-to-potty-talk/article/568211/?utm_source=twitterfeed&utm_medium=twitter&utm_campaign=Feed%3A+SCMagazineHome+%28SC+Magazine%2
http://www.sega-16.com/2004/09/hands-on-arcade-legends
http://www.sil.si.edu/digitalcollections/hst/atlantic-cable
http://www.un.org/en/sc/presidency